,route,route-collected,name,type,Date,departure_time,arrival_time,duration,price,seats_available,rating
0,Tezpur to Guwahati,https://www.redbus.in/bus-tickets/tezpur-to-guwahati?fromCityId=90883&toCityId=74701&fromCityName=Tezpur&toCityName=Guwahati&busType=Any&onward=23-Jul-2024,Assam State Transport Corporation (ASTC) - 157959,Bharat Benz A/C Seater (2+2),24-Jul,14:00,18:30,04h 30m,INR 298,5 Seats available,4.5
1,Tezpur to Guwahati,https://www.redbus.in/bus-tickets/tezpur-to-guwahati?fromCityId=90883&toCityId=74701&fromCityName=Tezpur&toCityName=Guwahati&busType=Any&onward=23-Jul-2024,Assam State Transport Corporation (ASTC) - 168821,Bharat Benz A/C Seater (2+2),24-Jul,15:45,20:30,04h 45m,INR 298,27 Seats available,3.5
2,Tezpur to Guwahati,https://www.redbus.in/bus-tickets/tezpur-to-guwahati?fromCityId=90883&toCityId=74701&fromCityName=Tezpur&toCityName=Guwahati&busType=Any&onward=23-Jul-2024,Assam State Transport Corporation (ASTC) - 161055,Volvo AC Seater 2+2,24-Jul,16:15,20:30,04h 15m,INR 298,21 Seats available,4.8
3,Tezpur to Guwahati,https://www.redbus.in/bus-tickets/tezpur-to-guwahati?fromCityId=90883&toCityId=74701&fromCityName=Tezpur&toCityName=Guwahati&busType=Any&onward=23-Jul-2024,Chartered Bus - ASTC,Volvo AC Seater Pushback 2+2,24-Jul,13:00,17:00,04h 00m,INR 389.13,14 Seats available,4.7
4,Tezpur to Guwahati,https://www.redbus.in/bus-tickets/tezpur-to-guwahati?fromCityId=90883&toCityId=74701&fromCityName=Tezpur&toCityName=Guwahati&busType=Any&onward=23-Jul-2024,Chartered Bus - ASTC,Volvo AC Seater Pushback 2+2,24-Jul,14:30,18:30,04h 00m,INR 432.06,22 Seats available,4.8
5,Tezpur to Guwahati,https://www.redbus.in/bus-tickets/tezpur-to-guwahati?fromCityId=90883&toCityId=74701&fromCityName=Tezpur&toCityName=Guwahati&busType=Any&onward=23-Jul-2024,Chartered Bus - ASTC,Volvo AC Seater Pushback 2+2,24-Jul,15:30,19:15,03h 45m,INR 389.13,27 Seats available,4.6
6,Tezpur to Guwahati,https://www.redbus.in/bus-tickets/tezpur-to-guwahati?fromCityId=90883&toCityId=74701&fromCityName=Tezpur&toCityName=Guwahati&busType=Any&onward=23-Jul-2024,BLUE HILL TRAVELS INDIA LIMITED,NON A/C Seater Semi Sleeper (2+1),24-Jul,21:30,03:30,06h 00m,INR 400,25 Seats available,3.2
7,Tezpur to Guwahati,https://www.redbus.in/bus-tickets/tezpur-to-guwahati?fromCityId=90883&toCityId=74701&fromCityName=Tezpur&toCityName=Guwahati&busType=Any&onward=23-Jul-2024,PANKAJ TRAVELS,A/C Seater (2+1),24-Jul,13:00,17:00,04h 00m,475,5 Seats available,No rating
8,Tezpur to Guwahati,https://www.redbus.in/bus-tickets/tezpur-to-guwahati?fromCityId=90883&toCityId=74701&fromCityName=Tezpur&toCityName=Guwahati&busType=Any&onward=23-Jul-2024,BARBIE TRAVELS,A/C Seater Push Back (2+2),24-Jul,13:10,17:50,04h 40m,INR 350,33 Seats available,No rating
9,Tezpur to Guwahati,https://www.redbus.in/bus-tickets/tezpur-to-guwahati?fromCityId=90883&toCityId=74701&fromCityName=Tezpur&toCityName=Guwahati&busType=Any&onward=23-Jul-2024,Karisma (Aziba),NON A/C Seater (2+1),24-Jul,13:40,14:10,00h 30m,INR 300,5 Seats available,2.6
10,Tezpur to Guwahati,https://www.redbus.in/bus-tickets/tezpur-to-guwahati?fromCityId=90883&toCityId=74701&fromCityName=Tezpur&toCityName=Guwahati&busType=Any&onward=23-Jul-2024,Himalayan Travels,NON A/C Seater (2+2),24-Jul,23:40,04:00,04h 20m,450,21 Seats available,2.1
11,Tezpur to Guwahati,https://www.redbus.in/bus-tickets/tezpur-to-guwahati?fromCityId=90883&toCityId=74701&fromCityName=Tezpur&toCityName=Guwahati&busType=Any&onward=23-Jul-2024,DESTINY TRAVELS,NON A/C Seater (2+1),24-Jul,23:45,03:45,04h 00m,399,31 Seats available,No rating
12,Tezpur to Guwahati,https://www.redbus.in/bus-tickets/tezpur-to-guwahati?fromCityId=90883&toCityId=74701&fromCityName=Tezpur&toCityName=Guwahati&busType=Any&onward=23-Jul-2024,BLUE HILL TRAVELS INDIA LIMITED,NON A/C Seater Semi Sleeper (2+1),24-Jul,22:15,03:45,05h 30m,INR 550,21 Seats available,3.8
13,Guwahati to Tezpur,https://www.redbus.in/bus-tickets/guwahati-to-tezpur?fromCityId=74701&toCityId=90883&fromCityName=Guwahati&toCityName=Tezpur&busType=Any&onward=23-Jul-2024,Assam State Transport Corporation (ASTC) - 174839,Bharat Benz A/C Seater (2+2),24-Jul,15:15,19:15,04h 00m,INR 298,24 Seats available,4.2
14,Guwahati to Tezpur,https://www.redbus.in/bus-tickets/guwahati-to-tezpur?fromCityId=74701&toCityId=90883&fromCityName=Guwahati&toCityName=Tezpur&busType=Any&onward=23-Jul-2024,Orient Transline,A/C Seater (2+1),24-Jul,13:00,17:30,04h 30m,INR 380.95,11 Seats available,4.2
15,Guwahati to Tezpur,https://www.redbus.in/bus-tickets/guwahati-to-tezpur?fromCityId=74701&toCityId=90883&fromCityName=Guwahati&toCityName=Tezpur&busType=Any&onward=23-Jul-2024,Orient Transline,NON A/C Seater (2+1),24-Jul,13:15,17:35,04h 20m,INR 300,13 Seats available,4.3
16,Guwahati to Tezpur,https://www.redbus.in/bus-tickets/guwahati-to-tezpur?fromCityId=74701&toCityId=90883&fromCityName=Guwahati&toCityName=Tezpur&busType=Any&onward=23-Jul-2024,Mahi Travels(Under ASTC),A/C Seater (2+2),24-Jul,14:15,17:50,03h 35m,369,26 Seats available,4.5
17,Guwahati to Tezpur,https://www.redbus.in/bus-tickets/guwahati-to-tezpur?fromCityId=74701&toCityId=90883&fromCityName=Guwahati&toCityName=Tezpur&busType=Any&onward=23-Jul-2024,WARISPIYA TRAVELS,AC Seater (2+2),24-Jul,15:00,18:40,03h 40m,INR 360,29 Seats available,4.5
18,Guwahati to Tezpur,https://www.redbus.in/bus-tickets/guwahati-to-tezpur?fromCityId=74701&toCityId=90883&fromCityName=Guwahati&toCityName=Tezpur&busType=Any&onward=23-Jul-2024,WARISPIYA TRAVELS,AC Seater (2+2),24-Jul,15:35,19:15,03h 40m,INR 360,37 Seats available,4.1
19,Guwahati to Tezpur,https://www.redbus.in/bus-tickets/guwahati-to-tezpur?fromCityId=74701&toCityId=90883&fromCityName=Guwahati&toCityName=Tezpur&busType=Any&onward=23-Jul-2024,WARISPIYA TRAVELS,Bharat Benz A/C Seater (2+2),24-Jul,16:15,19:40,03h 25m,INR 360,29 Seats available,4.2
20,Guwahati to Tezpur,https://www.redbus.in/bus-tickets/guwahati-to-tezpur?fromCityId=74701&toCityId=90883&fromCityName=Guwahati&toCityName=Tezpur&busType=Any&onward=23-Jul-2024,Yatra Travels,NON AC Seater/ Sleeper (2+1),24-Jul,18:00,23:30,05h 30m,400,20 Seats available,3.5
21,Guwahati to Tezpur,https://www.redbus.in/bus-tickets/guwahati-to-tezpur?fromCityId=74701&toCityId=90883&fromCityName=Guwahati&toCityName=Tezpur&busType=Any&onward=23-Jul-2024,Yatra Travels,NON AC Seater/ Sleeper (2+1),24-Jul,20:00,00:00,04h 00m,400,5 Seats available,3.8
22,Guwahati to Tezpur,https://www.redbus.in/bus-tickets/guwahati-to-tezpur?fromCityId=74701&toCityId=90883&fromCityName=Guwahati&toCityName=Tezpur&busType=Any&onward=23-Jul-2024,Pranjit Travels (Under ASTC),NON A/C Seater (2+1),24-Jul,20:15,01:15,05h 00m,INR 450,16 Seats available,3.4
23,Guwahati to Tezpur,https://www.redbus.in/bus-tickets/guwahati-to-tezpur?fromCityId=74701&toCityId=90883&fromCityName=Guwahati&toCityName=Tezpur&busType=Any&onward=23-Jul-2024,Pranjit Travels (Under ASTC),NON A/C Seater (2+1),24-Jul,21:15,01:15,04h 00m,INR 450,23 Seats available,3.5
24,Guwahati to Tezpur,https://www.redbus.in/bus-tickets/guwahati-to-tezpur?fromCityId=74701&toCityId=90883&fromCityName=Guwahati&toCityName=Tezpur&busType=Any&onward=23-Jul-2024,Pranjit Travels (Under ASTC),NON A/C Seater (2+1),24-Jul,21:45,02:00,04h 15m,INR 450,16 Seats available,3.9
25,Guwahati to Tezpur,https://www.redbus.in/bus-tickets/guwahati-to-tezpur?fromCityId=74701&toCityId=90883&fromCityName=Guwahati&toCityName=Tezpur&busType=Any&onward=23-Jul-2024,Upasana Travels (Under ASTC),AC Seater (2+2),24-Jul,13:45,18:00,04h 15m,INR 330,40 Seats available,1.6
26,Guwahati to Tezpur,https://www.redbus.in/bus-tickets/guwahati-to-tezpur?fromCityId=74701&toCityId=90883&fromCityName=Guwahati&toCityName=Tezpur&busType=Any&onward=23-Jul-2024,Mahalaxmi Travels,Tata A/C Seater (2+2),24-Jul,14:35,18:30,03h 55m,INR 300,35 Seats available,2.7
27,Guwahati to Tezpur,https://www.redbus.in/bus-tickets/guwahati-to-tezpur?fromCityId=74701&toCityId=90883&fromCityName=Guwahati&toCityName=Tezpur&busType=Any&onward=23-Jul-2024,Kalpana Travels,Non AC Seater (2+2),24-Jul,16:45,20:30,03h 45m,318,35 Seats available,2.1
28,Guwahati to Tezpur,https://www.redbus.in/bus-tickets/guwahati-to-tezpur?fromCityId=74701&toCityId=90883&fromCityName=Guwahati&toCityName=Tezpur&busType=Any&onward=23-Jul-2024,Brindaban Travels,Non AC Seater (2+2),24-Jul,17:15,21:15,04h 00m,INR 300,35 Seats available,2.0
29,Guwahati to Tezpur,https://www.redbus.in/bus-tickets/guwahati-to-tezpur?fromCityId=74701&toCityId=90883&fromCityName=Guwahati&toCityName=Tezpur&busType=Any&onward=23-Jul-2024,DESTINY TRAVELS,NON A/C Seater (2+1),24-Jul,18:45,23:30,28h 45m,408,22 Seats available,No rating
30,Guwahati to Tezpur,https://www.redbus.in/bus-tickets/guwahati-to-tezpur?fromCityId=74701&toCityId=90883&fromCityName=Guwahati&toCityName=Tezpur&busType=Any&onward=23-Jul-2024,BLUE HILL TRAVELS INDIA LIMITED,NON A/C Seater Semi Sleeper (2+1),24-Jul,20:00,01:15,05h 15m,INR 500,23 Seats available,2.6
31,Guwahati to Tezpur,https://www.redbus.in/bus-tickets/guwahati-to-tezpur?fromCityId=74701&toCityId=90883&fromCityName=Guwahati&toCityName=Tezpur&busType=Any&onward=23-Jul-2024,KIRAN TRAVELS,A/C Seater (2+1),24-Jul,20:40,00:30,03h 50m,INR 600,6 Seats available,3.1
32,Guwahati to Tezpur,https://www.redbus.in/bus-tickets/guwahati-to-tezpur?fromCityId=74701&toCityId=90883&fromCityName=Guwahati&toCityName=Tezpur&busType=Any&onward=23-Jul-2024,Pranjit Travels (Under ASTC),Bharat Benz A/C Seater (2+1),24-Jul,21:30,02:30,05h 00m,INR 550,5 Seats available,4.1
33,Nagaon (Assam) to Guwahati,https://www.redbus.in/bus-tickets/nagaon-to-guwahati?fromCityId=91032&toCityId=74701&fromCityName=Nagaon%20(Assam)&toCityName=Guwahati&busType=Any&onward=23-Jul-2024,Deep Travels,Non AC Seater (2+1),24-Jul,13:00,16:00,03h 00m,INR 250,30 Seats available,3.7
34,Nagaon (Assam) to Guwahati,https://www.redbus.in/bus-tickets/nagaon-to-guwahati?fromCityId=91032&toCityId=74701&fromCityName=Nagaon%20(Assam)&toCityName=Guwahati&busType=Any&onward=23-Jul-2024,Kareng Travels,Non AC Seater (2+1),24-Jul,14:15,16:30,02h 15m,278,9 Seats available,4.1
35,Nagaon (Assam) to Guwahati,https://www.redbus.in/bus-tickets/nagaon-to-guwahati?fromCityId=91032&toCityId=74701&fromCityName=Nagaon%20(Assam)&toCityName=Guwahati&busType=Any&onward=23-Jul-2024,Chartered Bus - ASTC,Volvo AC Seater Pushback 2+2,24-Jul,14:30,17:00,02h 30m,INR 302.91,17 Seats available,4.6
36,Nagaon (Assam) to Guwahati,https://www.redbus.in/bus-tickets/nagaon-to-guwahati?fromCityId=91032&toCityId=74701&fromCityName=Nagaon%20(Assam)&toCityName=Guwahati&busType=Any&onward=23-Jul-2024,Chartered Bus - ASTC,Volvo AC Seater Pushback 2+2,24-Jul,16:00,18:30,02h 30m,INR 324.04,26 Seats available,4.9
37,Nagaon (Assam) to Guwahati,https://www.redbus.in/bus-tickets/nagaon-to-guwahati?fromCityId=91032&toCityId=74701&fromCityName=Nagaon%20(Assam)&toCityName=Guwahati&busType=Any&onward=23-Jul-2024,Chartered Bus - ASTC,Volvo AC Seater Pushback 2+2,24-Jul,17:00,19:15,02h 15m,INR 302.91,26 Seats available,4.4
38,Nagaon (Assam) to Guwahati,https://www.redbus.in/bus-tickets/nagaon-to-guwahati?fromCityId=91032&toCityId=74701&fromCityName=Nagaon%20(Assam)&toCityName=Guwahati&busType=Any&onward=23-Jul-2024,BARBIE TRAVELS,A/C Seater Push Back (2+2),24-Jul,14:50,17:50,03h 00m,INR 300,35 Seats available,No rating
39,Nagaon (Assam) to Guwahati,https://www.redbus.in/bus-tickets/nagaon-to-guwahati?fromCityId=91032&toCityId=74701&fromCityName=Nagaon%20(Assam)&toCityName=Guwahati&busType=Any&onward=23-Jul-2024,Christina Travels,NON A/C Seater (2+2),24-Jul,16:00,18:20,02h 20m,650,36 Seats available,2.7
40,Guwahati to Nagaon (Assam),https://www.redbus.in/bus-tickets/guwahati-to-nagaon?fromCityId=74701&toCityId=91032&fromCityName=Guwahati&toCityName=Nagaon%20(Assam)&busType=Any&onward=23-Jul-2024,Assam State Transport Corporation (ASTC) - 146146,Bharat Benz A/C Seater (2+2),24-Jul,13:00,16:00,03h 00m,INR 191,16 Seats available,4.0
41,Guwahati to Nagaon (Assam),https://www.redbus.in/bus-tickets/guwahati-to-nagaon?fromCityId=74701&toCityId=91032&fromCityName=Guwahati&toCityName=Nagaon%20(Assam)&busType=Any&onward=23-Jul-2024,Assam State Transport Corporation (ASTC) - 146079,Bharat Benz A/C Seater (2+2),24-Jul,15:00,18:00,03h 00m,INR 191,23 Seats available,3.8
42,Guwahati to Nagaon (Assam),https://www.redbus.in/bus-tickets/guwahati-to-nagaon?fromCityId=74701&toCityId=91032&fromCityName=Guwahati&toCityName=Nagaon%20(Assam)&busType=Any&onward=23-Jul-2024,Assam State Transport Corporation (ASTC) - 174839,Bharat Benz A/C Seater (2+2),24-Jul,15:15,17:40,02h 25m,INR 191,25 Seats available,3.9
43,Guwahati to Nagaon (Assam),https://www.redbus.in/bus-tickets/guwahati-to-nagaon?fromCityId=74701&toCityId=91032&fromCityName=Guwahati&toCityName=Nagaon%20(Assam)&busType=Any&onward=23-Jul-2024,Kareng Travels,Non AC Seater (2+2),24-Jul,12:30,14:45,02h 15m,259,20 Seats available,4.4
44,Guwahati to Nagaon (Assam),https://www.redbus.in/bus-tickets/guwahati-to-nagaon?fromCityId=74701&toCityId=91032&fromCityName=Guwahati&toCityName=Nagaon%20(Assam)&busType=Any&onward=23-Jul-2024,Orient Transline,A/C Seater (2+1),24-Jul,13:00,15:45,02h 45m,INR 333.33,11 Seats available,4.7
45,Guwahati to Nagaon (Assam),https://www.redbus.in/bus-tickets/guwahati-to-nagaon?fromCityId=74701&toCityId=91032&fromCityName=Guwahati&toCityName=Nagaon%20(Assam)&busType=Any&onward=23-Jul-2024,Orient Transline,NON A/C Seater (2+1),24-Jul,13:15,15:30,02h 15m,INR 285.71,22 Seats available,4.4
46,Guwahati to Nagaon (Assam),https://www.redbus.in/bus-tickets/guwahati-to-nagaon?fromCityId=74701&toCityId=91032&fromCityName=Guwahati&toCityName=Nagaon%20(Assam)&busType=Any&onward=23-Jul-2024,Mahi Travels(Under ASTC),A/C Seater (2+2),24-Jul,14:15,16:15,02h 00m,312,22 Seats available,3.9
47,Guwahati to Nagaon (Assam),https://www.redbus.in/bus-tickets/guwahati-to-nagaon?fromCityId=74701&toCityId=91032&fromCityName=Guwahati&toCityName=Nagaon%20(Assam)&busType=Any&onward=23-Jul-2024,Megha Transport,NON A/C Seater / Sleeper (3+1),24-Jul,19:30,22:15,02h 45m,INR 500,34 Seats available,3.7
48,Guwahati to Nagaon (Assam),https://www.redbus.in/bus-tickets/guwahati-to-nagaon?fromCityId=74701&toCityId=91032&fromCityName=Guwahati&toCityName=Nagaon%20(Assam)&busType=Any&onward=23-Jul-2024,Anindita Travels,NON A/C Seater (2+1),24-Jul,12:30,15:45,03h 15m,INR 400,28 Seats available,2.9
49,Guwahati to Nagaon (Assam),https://www.redbus.in/bus-tickets/guwahati-to-nagaon?fromCityId=74701&toCityId=91032&fromCityName=Guwahati&toCityName=Nagaon%20(Assam)&busType=Any&onward=23-Jul-2024,DESTINY TRAVELS,NON A/C Seater (2+1),24-Jul,18:45,21:50,27h 05m,428,35 Seats available,No rating
50,Jorhat to North Lakhimpur,https://www.redbus.in/bus-tickets/jorhat-to-north-lakhimpur?fromCityId=75814&toCityId=75845&fromCityName=Jorhat&toCityName=North%20Lakhimpur&busType=Any&onward=23-Jul-2024,Priyanka,NON A/C Seater (2+1),24-Jul,19:00,05:30,10h 30m,INR 600,5 Seats available,3.0
51,Dhubri to Guwahati,https://www.redbus.in/bus-tickets/dhubri-to-guwahati?fromCityId=197522&toCityId=74701&fromCityName=Dhubri&toCityName=Guwahati&busType=Any&onward=23-Jul-2024,Yatra,Non AC Seater (2+2),24-Jul,20:15,03:30,07h 15m,INR 350,39 Seats available,2.8
52,Dhubri to Guwahati,https://www.redbus.in/bus-tickets/dhubri-to-guwahati?fromCityId=197522&toCityId=74701&fromCityName=Dhubri&toCityName=Guwahati&busType=Any&onward=23-Jul-2024,Yatra,Non AC Seater (2+2),24-Jul,13:15,20:30,07h 15m,INR 300,41 Seats available,2.5
53,Guwahati to Dhubri,https://www.redbus.in/bus-tickets/guwahati-to-dhubri?fromCityId=74701&toCityId=197522&fromCityName=Guwahati&toCityName=Dhubri&busType=Any&onward=23-Jul-2024,Assam State Transport Corporation (ASTC) - 150574,Bharat Benz A/C Seater (2+2),24-Jul,13:00,19:00,06h 00m,INR 410,2 Seats available,3.9
54,Guwahati to Dhubri,https://www.redbus.in/bus-tickets/guwahati-to-dhubri?fromCityId=74701&toCityId=197522&fromCityName=Guwahati&toCityName=Dhubri&busType=Any&onward=23-Jul-2024,Maa monosha travels,Non AC Seater (2+2),24-Jul,14:00,21:30,07h 30m,INR 350,38 Seats available,No rating
55,North Lakhimpur to Sibsagar,https://www.redbus.in/bus-tickets/north-lakhimpur-to-sibsagar?fromCityId=75845&toCityId=79589&fromCityName=North%20Lakhimpur&toCityName=Sibsagar&busType=Any&onward=23-Jul-2024,Sylvan DEE Transport,Non AC Seater (2+1),24-Jul,17:30,05:30,12h 00m,INR 640,9 Seats available,3.3
56,North Lakhimpur to Jorhat,https://www.redbus.in/bus-tickets/north-lakhimpur-to-jorhat?fromCityId=75845&toCityId=75814&fromCityName=North%20Lakhimpur&toCityName=Jorhat&busType=Any&onward=23-Jul-2024,Sylvan DEE Transport,Non AC Seater (2+1),24-Jul,17:30,04:30,11h 00m,INR 530,9 Seats available,2.7
57,Jorhat to Dibrugarh,https://www.redbus.in/bus-tickets/jorhat-to-dibrugarh?fromCityId=75814&toCityId=79598&fromCityName=jorhat&toCityName=dibrugarh&busType=Any&onward=23-Jul-2024,MADHURIKA TRAVELS,A/C Seater (2+1),24-Jul,12:45,17:00,04h 15m,509,6 Seats available,3.9
58,Jorhat to Dibrugarh,https://www.redbus.in/bus-tickets/jorhat-to-dibrugarh?fromCityId=75814&toCityId=79598&fromCityName=jorhat&toCityName=dibrugarh&busType=Any&onward=23-Jul-2024,SHIVAM TRAVELS,Bharat Benz A/C Seater (2+1),24-Jul,13:30,17:00,03h 30m,INR 550,6 Seats available,4.4
59,Jorhat to Dibrugarh,https://www.redbus.in/bus-tickets/jorhat-to-dibrugarh?fromCityId=75814&toCityId=79598&fromCityName=jorhat&toCityName=dibrugarh&busType=Any&onward=23-Jul-2024,Chartered Bus - ASTC,Volvo AC Seater Pushback 2+2,24-Jul,13:30,17:15,03h 45m,INR 604.69,14 Seats available,4.4
60,Jorhat to Dibrugarh,https://www.redbus.in/bus-tickets/jorhat-to-dibrugarh?fromCityId=75814&toCityId=79598&fromCityName=jorhat&toCityName=dibrugarh&busType=Any&onward=23-Jul-2024,Bashudev Transline (Under ASTC),A/C Seater (2+1),24-Jul,14:10,18:00,03h 50m,INR 550,5 Seats available,4.3
61,Tezpur to Dibrugarh,https://www.redbus.in/bus-tickets/tezpur-to-dibrugarh?fromCityId=90883&toCityId=79598&fromCityName=Tezpur&toCityName=Dibrugarh&busType=Any&srcCountry=IND&destCountry=IND&onward=23-Jul-2024,Puja Transport,NON AC Seater / Sleeper 2+1,24-Jul,20:00,04:30,08h 30m,INR 550,11 Seats available,3.5
62,Tezpur to Dibrugarh,https://www.redbus.in/bus-tickets/tezpur-to-dibrugarh?fromCityId=90883&toCityId=79598&fromCityName=Tezpur&toCityName=Dibrugarh&busType=Any&srcCountry=IND&destCountry=IND&onward=23-Jul-2024,J.S. Travels,Non AC Seater (2+1),24-Jul,21:00,04:00,07h 00m,INR 550,26 Seats available,2.3
63,Tezpur to Dibrugarh,https://www.redbus.in/bus-tickets/tezpur-to-dibrugarh?fromCityId=90883&toCityId=79598&fromCityName=Tezpur&toCityName=Dibrugarh&busType=Any&srcCountry=IND&destCountry=IND&onward=23-Jul-2024,SANJEEBANI TRAVELS,Non A/C Seater / Sleeper (2+1),24-Jul,21:30,04:00,06h 30m,INR 600,16 Seats available,No rating
64,Tezpur to Dibrugarh,https://www.redbus.in/bus-tickets/tezpur-to-dibrugarh?fromCityId=90883&toCityId=79598&fromCityName=Tezpur&toCityName=Dibrugarh&busType=Any&srcCountry=IND&destCountry=IND&onward=23-Jul-2024,Puja Transport,Non AC Seater (2+2),24-Jul,20:00,05:00,09h 00m,INR 550,18 Seats available,2.4
65,Tezpur to Dibrugarh,https://www.redbus.in/bus-tickets/tezpur-to-dibrugarh?fromCityId=90883&toCityId=79598&fromCityName=Tezpur&toCityName=Dibrugarh&busType=Any&srcCountry=IND&destCountry=IND&onward=23-Jul-2024,Neha Travels,NON A/C Seater (2+2),24-Jul,22:40,07:00,08h 20m,INR 650,9 Seats available,2.0
66,Tezpur to Dibrugarh,https://www.redbus.in/bus-tickets/tezpur-to-dibrugarh?fromCityId=90883&toCityId=79598&fromCityName=Tezpur&toCityName=Dibrugarh&busType=Any&srcCountry=IND&destCountry=IND&onward=23-Jul-2024,PIHU TRANSPORT,Bharat Benz NON A/C Seater / Sleeper (2+1),24-Jul,19:45,04:00,08h 15m,INR 470,26 Seats available,2.0
67,Haflong to Guwahati,https://www.redbus.in/bus-tickets/haflong-to-guwahati?fromCityId=93843&toCityId=74701&fromCityName=Haflong&toCityName=Guwahati&busType=Any&srcCountry=IND&destCountry=IND&onward=23-Jul-2024,Deep Travels,Non AC Seater (2+1),24-Jul,17:45,04:30,10h 45m,INR 650,27 Seats available,4.1
68,Haflong to Guwahati,https://www.redbus.in/bus-tickets/haflong-to-guwahati?fromCityId=93843&toCityId=74701&fromCityName=Haflong&toCityName=Guwahati&busType=Any&srcCountry=IND&destCountry=IND&onward=23-Jul-2024,NETWORK TRAVELS,NON A/C Seater (2+1),24-Jul,18:00,04:00,10h 00m,INR 700,7 Seats available,4.5
69,North Lakhimpur to Dibrugarh,https://www.redbus.in/bus-tickets/north-lakhimpur-to-dibrugarh?fromCityId=75845&toCityId=79598&fromCityName=North%20Lakhimpur&toCityName=Dibrugarh&busType=Any&srcCountry=IND&destCountry=IND&onward=23-Jul-2024,Air Bus Travels,NON AC Seater / Sleeper 2+1,24-Jul,21:00,03:00,06h 00m,INR 400,42 Seats available,3.8
70,Jorhat to Tinsukia,https://www.redbus.in/bus-tickets/jorhat-to-tinsukia?fromCityId=75814&toCityId=78107&fromCityName=Jorhat&toCityName=Tinsukia&busType=Any&srcCountry=IND&destCountry=IND&onward=23-Jul-2024,Chartered Bus - ASTC,Volvo AC Seater Pushback 2+2,24-Jul,13:30,18:30,05h 00m,INR 637.59,14 Seats available,4.7
71,Dibrugarh to Tezpur,https://www.redbus.in/bus-tickets/dibrugarh-to-tezpur?fromCityId=79598&toCityId=90883&fromCityName=Dibrugarh&toCityName=Tezpur&busType=Any&onward=23-Jul-2024,Puja Transport,NON AC Seater / Sleeper 2+1,24-Jul,20:00,05:00,09h 00m,INR 550,4 Seats available,4.1
72,Dibrugarh to Tezpur,https://www.redbus.in/bus-tickets/dibrugarh-to-tezpur?fromCityId=79598&toCityId=90883&fromCityName=Dibrugarh&toCityName=Tezpur&busType=Any&onward=23-Jul-2024,Aniruddha Travels,NON A/C Seater/ Sleeper (2+1),24-Jul,20:00,04:00,08h 00m,INR 550,14 Seats available,3.1
73,Dibrugarh to Tezpur,https://www.redbus.in/bus-tickets/dibrugarh-to-tezpur?fromCityId=79598&toCityId=90883&fromCityName=Dibrugarh&toCityName=Tezpur&busType=Any&onward=23-Jul-2024,SANJEEBANI TRAVELS,Non A/C Seater / Sleeper (2+1),24-Jul,18:45,03:00,08h 15m,INR 600,14 Seats available,No rating
74,Dibrugarh to Tezpur,https://www.redbus.in/bus-tickets/dibrugarh-to-tezpur?fromCityId=79598&toCityId=90883&fromCityName=Dibrugarh&toCityName=Tezpur&busType=Any&onward=23-Jul-2024,PIHU TRANSPORT,Bharat Benz NON A/C Seater / Sleeper (2+1),24-Jul,19:50,04:30,08h 40m,INR 470,22 Seats available,3.0
75,Dibrugarh to Tezpur,https://www.redbus.in/bus-tickets/dibrugarh-to-tezpur?fromCityId=79598&toCityId=90883&fromCityName=Dibrugarh&toCityName=Tezpur&busType=Any&onward=23-Jul-2024,Neha Travels,NON A/C Seater (2+2),24-Jul,17:00,03:15,10h 15m,INR 650,32 Seats available,2.8
76,Guwahati to Biswanath Charali,https://www.redbus.in/bus-tickets/guwahati-to-biswanath-charali?fromCityId=74701&toCityId=93697&fromCityName=Guwahati&toCityName=Biswanath%20Charali&busType=Any&onward=23-Jul-2024,Orient Transline,A/C Seater (2+1),24-Jul,13:00,19:10,06h 10m,INR 476.19,8 Seats available,3.7
77,Guwahati to Biswanath Charali,https://www.redbus.in/bus-tickets/guwahati-to-biswanath-charali?fromCityId=74701&toCityId=93697&fromCityName=Guwahati&toCityName=Biswanath%20Charali&busType=Any&onward=23-Jul-2024,Orient Transline,NON A/C Seater (2+1),24-Jul,13:15,19:30,06h 15m,INR 380.95,13 Seats available,3.8
78,Guwahati to Biswanath Charali,https://www.redbus.in/bus-tickets/guwahati-to-biswanath-charali?fromCityId=74701&toCityId=93697&fromCityName=Guwahati&toCityName=Biswanath%20Charali&busType=Any&onward=23-Jul-2024,Mahi Travels(Under ASTC),A/C Seater (2+2),24-Jul,14:15,19:30,05h 15m,454,26 Seats available,4.5
79,Guwahati to Biswanath Charali,https://www.redbus.in/bus-tickets/guwahati-to-biswanath-charali?fromCityId=74701&toCityId=93697&fromCityName=Guwahati&toCityName=Biswanath%20Charali&busType=Any&onward=23-Jul-2024,Mahalaxmi Travels,Tata A/C Seater (2+2),24-Jul,14:35,20:00,05h 25m,INR 410,34 Seats available,4.6
80,Guwahati to Biswanath Charali,https://www.redbus.in/bus-tickets/guwahati-to-biswanath-charali?fromCityId=74701&toCityId=93697&fromCityName=Guwahati&toCityName=Biswanath%20Charali&busType=Any&onward=23-Jul-2024,Yatra Travels,NON AC Seater/ Sleeper (2+1),24-Jul,18:00,01:30,07h 30m,450,14 Seats available,4.0
81,Guwahati to Biswanath Charali,https://www.redbus.in/bus-tickets/guwahati-to-biswanath-charali?fromCityId=74701&toCityId=93697&fromCityName=Guwahati&toCityName=Biswanath%20Charali&busType=Any&onward=23-Jul-2024,BLUE HILL TRAVELS INDIA LIMITED,NON A/C Seater Semi Sleeper (2+1),24-Jul,19:15,01:30,06h 15m,INR 500,31 Seats available,3.4
82,Guwahati to Biswanath Charali,https://www.redbus.in/bus-tickets/guwahati-to-biswanath-charali?fromCityId=74701&toCityId=93697&fromCityName=Guwahati&toCityName=Biswanath%20Charali&busType=Any&onward=23-Jul-2024,PARIJAT TRAVELS(UNDER ASTC),NON A/C Seater (2+1),24-Jul,19:35,02:00,06h 25m,INR 500,11 Seats available,3.8
83,Guwahati to Biswanath Charali,https://www.redbus.in/bus-tickets/guwahati-to-biswanath-charali?fromCityId=74701&toCityId=93697&fromCityName=Guwahati&toCityName=Biswanath%20Charali&busType=Any&onward=23-Jul-2024,Yatra Travels,NON AC Seater/ Sleeper (2+1),24-Jul,20:00,01:00,05h 00m,450,5 Seats available,3.4
84,Guwahati to Biswanath Charali,https://www.redbus.in/bus-tickets/guwahati-to-biswanath-charali?fromCityId=74701&toCityId=93697&fromCityName=Guwahati&toCityName=Biswanath%20Charali&busType=Any&onward=23-Jul-2024,Pranjit Travels (Under ASTC),Non AC Seater (2+1),24-Jul,20:15,02:00,05h 45m,INR 500,17 Seats available,3.9
85,Guwahati to Biswanath Charali,https://www.redbus.in/bus-tickets/guwahati-to-biswanath-charali?fromCityId=74701&toCityId=93697&fromCityName=Guwahati&toCityName=Biswanath%20Charali&busType=Any&onward=23-Jul-2024,Maharathi Travels(UNDER ASTC),NON A/C Seater (2+1),24-Jul,20:55,03:30,06h 35m,400,5 Seats available,4.1
86,Guwahati to Biswanath Charali,https://www.redbus.in/bus-tickets/guwahati-to-biswanath-charali?fromCityId=74701&toCityId=93697&fromCityName=Guwahati&toCityName=Biswanath%20Charali&busType=Any&onward=23-Jul-2024,Pranjit Travels (Under ASTC),Non AC Seater (2+1),24-Jul,21:15,03:00,05h 45m,INR 500,29 Seats available,4.2
87,Guwahati to Biswanath Charali,https://www.redbus.in/bus-tickets/guwahati-to-biswanath-charali?fromCityId=74701&toCityId=93697&fromCityName=Guwahati&toCityName=Biswanath%20Charali&busType=Any&onward=23-Jul-2024,Pranjit Travels (Under ASTC),Bharat Benz A/C Seater (2+1),24-Jul,21:30,03:45,06h 15m,INR 550,5 Seats available,4.1
88,Guwahati to Biswanath Charali,https://www.redbus.in/bus-tickets/guwahati-to-biswanath-charali?fromCityId=74701&toCityId=93697&fromCityName=Guwahati&toCityName=Biswanath%20Charali&busType=Any&onward=23-Jul-2024,Pranjit Travels (Under ASTC),NON A/C Seater (2+1),24-Jul,21:45,03:00,05h 15m,INR 500,36 Seats available,3.9
89,Guwahati to Biswanath Charali,https://www.redbus.in/bus-tickets/guwahati-to-biswanath-charali?fromCityId=74701&toCityId=93697&fromCityName=Guwahati&toCityName=Biswanath%20Charali&busType=Any&onward=23-Jul-2024,DESTINY TRAVELS,NON A/C Seater (2+1),24-Jul,18:45,00:24,29h 39m,457,22 Seats available,No rating
90,Guwahati to Biswanath Charali,https://www.redbus.in/bus-tickets/guwahati-to-biswanath-charali?fromCityId=74701&toCityId=93697&fromCityName=Guwahati&toCityName=Biswanath%20Charali&busType=Any&onward=23-Jul-2024,BLUE HILL TRAVELS INDIA LIMITED,NON A/C Seater Semi Sleeper (2+1),24-Jul,20:00,02:00,06h 00m,INR 550,21 Seats available,1.9
91,Guwahati to Biswanath Charali,https://www.redbus.in/bus-tickets/guwahati-to-biswanath-charali?fromCityId=74701&toCityId=93697&fromCityName=Guwahati&toCityName=Biswanath%20Charali&busType=Any&onward=23-Jul-2024,NORTH EAST TRAVELS(UNDER ASTC),NON A/C Seater (2+1),24-Jul,20:15,02:30,06h 15m,INR 500,25 Seats available,2.2
92,Guwahati to Haflong,https://www.redbus.in/bus-tickets/guwahati-to-haflong?fromCityId=74701&toCityId=93843&fromCityName=Guwahati&toCityName=Haflong&busType=Any&onward=23-Jul-2024,NETWORK TRAVELS,NON A/C Seater (2+1),24-Jul,18:30,07:00,12h 30m,INR 700,3 Seats available,4.5
93,Guwahati to Haflong,https://www.redbus.in/bus-tickets/guwahati-to-haflong?fromCityId=74701&toCityId=93843&fromCityName=Guwahati&toCityName=Haflong&busType=Any&onward=23-Jul-2024,Deep Travels,Non AC Seater (2+1),24-Jul,19:30,06:30,11h 00m,INR 650,27 Seats available,3.6
94,Dibrugarh to North Lakhimpur,https://www.redbus.in/bus-tickets/dibrugarh-to-north-lakhimpur?fromCityId=79598&toCityId=75845&fromCityName=Dibrugarh&toCityName=North%20Lakhimpur&busType=Any&onward=23-Jul-2024,Maa Jagadamba,NON A/C Seater (2+3),24-Jul,15:40,19:30,03h 50m,INR 250,39 Seats available,3.7
95,Dibrugarh to North Lakhimpur,https://www.redbus.in/bus-tickets/dibrugarh-to-north-lakhimpur?fromCityId=79598&toCityId=75845&fromCityName=Dibrugarh&toCityName=North%20Lakhimpur&busType=Any&onward=23-Jul-2024,Maa Jagadamba,A/C Seater Push Back (2+2),24-Jul,16:15,19:30,03h 15m,INR 260,41 Seats available,3.7
96,Dibrugarh to North Lakhimpur,https://www.redbus.in/bus-tickets/dibrugarh-to-north-lakhimpur?fromCityId=79598&toCityId=75845&fromCityName=Dibrugarh&toCityName=North%20Lakhimpur&busType=Any&onward=23-Jul-2024,PANKAJ TRAVELS,NON A/C Hi-Tech Push Back (2+2),24-Jul,13:00,17:10,04h 10m,INR 240,40 Seats available,No rating
97,Dibrugarh to North Lakhimpur,https://www.redbus.in/bus-tickets/dibrugarh-to-north-lakhimpur?fromCityId=79598&toCityId=75845&fromCityName=Dibrugarh&toCityName=North%20Lakhimpur&busType=Any&onward=23-Jul-2024,BARBIE TRAVELS,NON A/C Hi-Tech Push Back (2+2),24-Jul,13:30,18:30,05h 00m,INR 240,40 Seats available,No rating
98,Dibrugarh to North Lakhimpur,https://www.redbus.in/bus-tickets/dibrugarh-to-north-lakhimpur?fromCityId=79598&toCityId=75845&fromCityName=Dibrugarh&toCityName=North%20Lakhimpur&busType=Any&onward=23-Jul-2024,BARBIE TRAVELS,NON A/C Hi-Tech Push Back (2+2),24-Jul,15:30,19:30,04h 00m,INR 240,40 Seats available,No rating
99,Dibrugarh to North Lakhimpur,https://www.redbus.in/bus-tickets/dibrugarh-to-north-lakhimpur?fromCityId=79598&toCityId=75845&fromCityName=Dibrugarh&toCityName=North%20Lakhimpur&busType=Any&onward=23-Jul-2024,Air Bus Travels,NON AC Seater / Sleeper 2+1,24-Jul,19:40,01:00,05h 20m,INR 400,34 Seats available,2.4
100,Dibrugarh to North Lakhimpur,https://www.redbus.in/bus-tickets/dibrugarh-to-north-lakhimpur?fromCityId=79598&toCityId=75845&fromCityName=Dibrugarh&toCityName=North%20Lakhimpur&busType=Any&onward=23-Jul-2024,Air Bus Travels,NON AC Seater / Sleeper 2+1,24-Jul,21:15,02:00,04h 45m,INR 400,36 Seats available,2.3
101,Tezpur to Moran,https://www.redbus.in/bus-tickets/tezpur-to-moran?fromCityId=90883&toCityId=79593&fromCityName=Tezpur&toCityName=Moran&busType=Any&onward=23-Jul-2024,PIHU TRANSPORT,Bharat Benz NON A/C Seater / Sleeper (2+1),24-Jul,19:45,03:00,07h 15m,INR 520,50 Seats available,2.8
102,Tezpur to Moran,https://www.redbus.in/bus-tickets/tezpur-to-moran?fromCityId=90883&toCityId=79593&fromCityName=Tezpur&toCityName=Moran&busType=Any&onward=23-Jul-2024,SANJEEBANI TRAVELS,Non A/C Seater / Sleeper (2+1),24-Jul,21:30,03:00,05h 30m,INR 600,36 Seats available,No rating
103,Tezpur to Moran,https://www.redbus.in/bus-tickets/tezpur-to-moran?fromCityId=90883&toCityId=79593&fromCityName=Tezpur&toCityName=Moran&busType=Any&onward=23-Jul-2024,Neha Travels,NON A/C Seater (2+2),24-Jul,22:40,06:00,07h 20m,INR 650,35 Seats available,1.9
104,Dibrugarh to Jorhat,https://www.redbus.in/bus-tickets/dibrugarh-to-jorhat?fromCityId=79598&toCityId=75814&fromCityName=Dibrugarh&toCityName=Jorhat&busType=Any&onward=23-Jul-2024,Basudev Transline,A/C Seater (2+2),24-Jul,15:15,19:40,04h 25m,299,24 Seats available,3.0
105,Dibrugarh to Jorhat,https://www.redbus.in/bus-tickets/dibrugarh-to-jorhat?fromCityId=79598&toCityId=75814&fromCityName=Dibrugarh&toCityName=Jorhat&busType=Any&onward=23-Jul-2024,Trishul Transport Service,A/C Seater / Sleeper (2+1),24-Jul,19:15,22:55,03h 40m,509,26 Seats available,3.6
106,Dibrugarh to Jorhat,https://www.redbus.in/bus-tickets/dibrugarh-to-jorhat?fromCityId=79598&toCityId=75814&fromCityName=Dibrugarh&toCityName=Jorhat&busType=Any&onward=23-Jul-2024,Baikuntha Transport Service,Bharat Benz A/C Sleeper (2+1),24-Jul,19:30,23:15,03h 45m,450,50 Seats available,3.4
107,Dibrugarh to Jorhat,https://www.redbus.in/bus-tickets/dibrugarh-to-jorhat?fromCityId=79598&toCityId=75814&fromCityName=Dibrugarh&toCityName=Jorhat&busType=Any&onward=23-Jul-2024,Megha Transport,NON A/C Seater / Sleeper (3+1),24-Jul,19:30,23:39,04h 09m,INR 400,28 Seats available,3.7
108,Dibrugarh to Jorhat,https://www.redbus.in/bus-tickets/dibrugarh-to-jorhat?fromCityId=79598&toCityId=75814&fromCityName=Dibrugarh&toCityName=Jorhat&busType=Any&onward=23-Jul-2024,Purple Wings Coaches,A/C Seater / Sleeper (2+1),24-Jul,19:55,00:00,04h 05m,540,31 Seats available,3.4
109,Dibrugarh to Jorhat,https://www.redbus.in/bus-tickets/dibrugarh-to-jorhat?fromCityId=79598&toCityId=75814&fromCityName=Dibrugarh&toCityName=Jorhat&busType=Any&onward=23-Jul-2024,NEELAKANTHA (RIYA),Tempo Traveler NON A/C,24-Jul,15:45,20:00,04h 15m,INR 250,20 Seats available,No rating
110,Dibrugarh to Jorhat,https://www.redbus.in/bus-tickets/dibrugarh-to-jorhat?fromCityId=79598&toCityId=75814&fromCityName=Dibrugarh&toCityName=Jorhat&busType=Any&onward=23-Jul-2024,Murugan RC Travels,NON A/C Seater (2+1),24-Jul,18:55,23:00,28h 05m,326,30 Seats available,2.6
111,Guwahati to Silchar,https://www.redbus.in/bus-tickets/guwahati-to-silchar?fromCityId=74701&toCityId=91002&fromCityName=Guwahati&toCityName=Silchar&busType=Any&onward=23-Jul-2024,Assam State Transport Corporation (ASTC) - 146022,NON A/C Seater Push Back (2+1),24-Jul,17:45,05:30,11h 45m,INR 547,24 Seats available,3.8
112,Guwahati to Silchar,https://www.redbus.in/bus-tickets/guwahati-to-silchar?fromCityId=74701&toCityId=91002&fromCityName=Guwahati&toCityName=Silchar&busType=Any&onward=23-Jul-2024,JAYSIKA,NON A/C Seater (2+1),24-Jul,18:30,06:00,11h 30m,INR 650,17 Seats available,2.2
113,Guwahati to Silchar,https://www.redbus.in/bus-tickets/guwahati-to-silchar?fromCityId=74701&toCityId=91002&fromCityName=Guwahati&toCityName=Silchar&busType=Any&onward=23-Jul-2024,RAYAN TRAVELS,NON A/C Seater (2+1),24-Jul,18:30,05:15,10h 45m,INR 650,20 Seats available,2.9
114,Guwahati to Silchar,https://www.redbus.in/bus-tickets/guwahati-to-silchar?fromCityId=74701&toCityId=91002&fromCityName=Guwahati&toCityName=Silchar&busType=Any&onward=23-Jul-2024,NETWORK TRAVELS,NON A/C Seater Push Back (2+1),24-Jul,18:30,05:00,10h 30m,INR 650,26 Seats available,2.7
115,Guwahati to Silchar,https://www.redbus.in/bus-tickets/guwahati-to-silchar?fromCityId=74701&toCityId=91002&fromCityName=Guwahati&toCityName=Silchar&busType=Any&onward=23-Jul-2024,SEEMA TRAVELS,NON AC Seater / Sleeper 2+1,24-Jul,19:00,05:00,10h 00m,INR 650,38 Seats available,2.1
116,Guwahati to Silchar,https://www.redbus.in/bus-tickets/guwahati-to-silchar?fromCityId=74701&toCityId=91002&fromCityName=Guwahati&toCityName=Silchar&busType=Any&onward=23-Jul-2024,Arhans Tour And Travels,NON AC Seater / Sleeper 2+1,24-Jul,19:00,05:00,10h 00m,INR 600,37 Seats available,2.1
117,North Lakhimpur to Tezpur,https://www.redbus.in/bus-tickets/north-lakhimpur-to-tezpur?fromCityId=75845&toCityId=90883&fromCityName=North%20Lakhimpur&toCityName=Tezpur&busType=Any&onward=23-Jul-2024,DESTINY TRAVELS,NON A/C Seater (2+1),24-Jul,19:45,23:45,04h 00m,428,32 Seats available,No rating
118,Biswanath Charali to Guwahati,https://www.redbus.in/bus-tickets/biswanath-charali-to-guwahati?fromCityId=93697&toCityId=74701&fromCityName=Biswanath%20Charali&toCityName=Guwahati&busType=Any&onward=23-Jul-2024,BLUE HILL TRAVELS INDIA LIMITED,NON A/C Seater Semi Sleeper (2+1),24-Jul,21:30,03:45,06h 15m,INR 550,21 Seats available,4.0
119,Biswanath Charali to Guwahati,https://www.redbus.in/bus-tickets/biswanath-charali-to-guwahati?fromCityId=93697&toCityId=74701&fromCityName=Biswanath%20Charali&toCityName=Guwahati&busType=Any&onward=23-Jul-2024,Pranjit Travels (Under ASTC),NON A/C Seater (2+1),24-Jul,23:15,05:30,06h 15m,INR 500,17 Seats available,3.8
120,Biswanath Charali to Guwahati,https://www.redbus.in/bus-tickets/biswanath-charali-to-guwahati?fromCityId=93697&toCityId=74701&fromCityName=Biswanath%20Charali&toCityName=Guwahati&busType=Any&onward=23-Jul-2024,BLUE HILL TRAVELS INDIA LIMITED,NON A/C Seater Semi Sleeper (2+1),24-Jul,20:00,03:30,07h 30m,INR 450,13 Seats available,2.0
121,Biswanath Charali to Guwahati,https://www.redbus.in/bus-tickets/biswanath-charali-to-guwahati?fromCityId=93697&toCityId=74701&fromCityName=Biswanath%20Charali&toCityName=Guwahati&busType=Any&onward=23-Jul-2024,DESTINY TRAVELS,NON A/C Seater (2+1),24-Jul,23:01,03:45,04h 44m,447,31 Seats available,No rating
122,Biswanath Charali to Dibrugarh,https://www.redbus.in/bus-tickets/biswanath-charali-to-dibrugarh?fromCityId=93697&toCityId=79598&fromCityName=Biswanath%20Charali&toCityName=Dibrugarh&busType=Any&onward=23-Jul-2024,Air Bus Travels,NON AC Seater / Sleeper 2+1,24-Jul,18:30,02:00,07h 30m,INR 500,29 Seats available,3.2
123,Tinsukia to Jorhat,https://www.redbus.in/bus-tickets/tinsukia-to-jorhat?fromCityId=78107&toCityId=75814&fromCityName=Tinsukia&toCityName=Jorhat&busType=Any&onward=23-Jul-2024,NETWORK TRAVELS,Non A/C Seater / Sleeper (2+1),24-Jul,17:00,23:00,06h 00m,350,42 Seats available,4.3
124,Tinsukia to Jorhat,https://www.redbus.in/bus-tickets/tinsukia-to-jorhat?fromCityId=78107&toCityId=75814&fromCityName=Tinsukia&toCityName=Jorhat&busType=Any&onward=23-Jul-2024,Megha Transport,NON A/C Seater / Sleeper (3+1),24-Jul,17:45,23:39,05h 54m,INR 500,28 Seats available,4.7
125,Tinsukia to Jorhat,https://www.redbus.in/bus-tickets/tinsukia-to-jorhat?fromCityId=78107&toCityId=75814&fromCityName=Tinsukia&toCityName=Jorhat&busType=Any&onward=23-Jul-2024,NETWORK TRAVELS,NON A/C Seater Push Back (2+1),24-Jul,19:00,00:30,05h 30m,300,17 Seats available,4.6
126,Tinsukia to Jorhat,https://www.redbus.in/bus-tickets/tinsukia-to-jorhat?fromCityId=78107&toCityId=75814&fromCityName=Tinsukia&toCityName=Jorhat&busType=Any&onward=23-Jul-2024,Purple Wings Coaches,A/C Seater / Sleeper (2+1),24-Jul,18:30,00:00,05h 30m,567,31 Seats available,2.7
127,Moran to Tezpur,https://www.redbus.in/bus-tickets/moran-to-tezpur?fromCityId=79593&toCityId=90883&fromCityName=Moran&toCityName=Tezpur&busType=Any&onward=23-Jul-2024,Aniruddha Travels,NON A/C Seater/ Sleeper (2+1),24-Jul,21:00,04:00,07h 00m,INR 550,19 Seats available,3.5
128,Moran to Tezpur,https://www.redbus.in/bus-tickets/moran-to-tezpur?fromCityId=79593&toCityId=90883&fromCityName=Moran&toCityName=Tezpur&busType=Any&onward=23-Jul-2024,SANJEEBANI TRAVELS,Non A/C Seater / Sleeper (2+1),24-Jul,20:15,03:00,06h 45m,INR 600,24 Seats available,No rating
129,Moran to Tezpur,https://www.redbus.in/bus-tickets/moran-to-tezpur?fromCityId=79593&toCityId=90883&fromCityName=Moran&toCityName=Tezpur&busType=Any&onward=23-Jul-2024,PIHU TRANSPORT,Bharat Benz NON A/C Seater / Sleeper (2+1),24-Jul,20:45,04:30,07h 45m,INR 520,38 Seats available,2.6
130,Moran to Tezpur,https://www.redbus.in/bus-tickets/moran-to-tezpur?fromCityId=79593&toCityId=90883&fromCityName=Moran&toCityName=Tezpur&busType=Any&onward=23-Jul-2024,Neha Travels,NON A/C Seater (2+2),24-Jul,18:00,03:15,09h 15m,INR 650,32 Seats available,2.3
131,Dibrugarh to Biswanath Charali,https://www.redbus.in/bus-tickets/dibrugarh-to-biswanath-charali?fromCityId=79598&toCityId=93697&fromCityName=Dibrugarh&toCityName=Biswanath%20Charali&busType=Any&onward=23-Jul-2024,Air Bus Travels,NON AC Seater / Sleeper 2+1,24-Jul,19:40,05:00,09h 20m,INR 500,34 Seats available,3.9
132,Gohpur to Guwahati,https://www.redbus.in/bus-tickets/gohpur-to-guwahati?fromCityId=92464&toCityId=74701&fromCityName=Gohpur&toCityName=Guwahati&busType=Any&onward=23-Jul-2024&routeId=21656695,KIRAN TRAVELS,A/C Seater (2+1),24-Jul,22:50,07:30,08h 40m,INR 600,6 Seats available,4.6
133,Gohpur to Guwahati,https://www.redbus.in/bus-tickets/gohpur-to-guwahati?fromCityId=92464&toCityId=74701&fromCityName=Gohpur&toCityName=Guwahati&busType=Any&onward=23-Jul-2024&routeId=21656695,Yatra Travels,NON AC Seater/ Sleeper (2+1),24-Jul,22:20,06:00,07h 40m,450,8 Seats available,4.2
134,Gohpur to Guwahati,https://www.redbus.in/bus-tickets/gohpur-to-guwahati?fromCityId=92464&toCityId=74701&fromCityName=Gohpur&toCityName=Guwahati&busType=Any&onward=23-Jul-2024&routeId=21656695,Deep Travels,NON AC Seater / Sleeper 2+1,24-Jul,22:20,05:00,06h 40m,INR 499,5 Seats available,4.0
135,Gohpur to Guwahati,https://www.redbus.in/bus-tickets/gohpur-to-guwahati?fromCityId=92464&toCityId=74701&fromCityName=Gohpur&toCityName=Guwahati&busType=Any&onward=23-Jul-2024&routeId=21656695,Pranjit Travels (Under ASTC),Bharat Benz A/C Seater (2+1),24-Jul,22:45,06:15,07h 30m,INR 650,4 Seats available,3.5
136,Gohpur to Guwahati,https://www.redbus.in/bus-tickets/gohpur-to-guwahati?fromCityId=92464&toCityId=74701&fromCityName=Gohpur&toCityName=Guwahati&busType=Any&onward=23-Jul-2024&routeId=21656695,Yatra Travels,NON A/C Seater (2+1),24-Jul,22:35,06:15,07h 40m,450,5 Seats available,4.0
137,Gohpur to Guwahati,https://www.redbus.in/bus-tickets/gohpur-to-guwahati?fromCityId=92464&toCityId=74701&fromCityName=Gohpur&toCityName=Guwahati&busType=Any&onward=23-Jul-2024&routeId=21656695,DESTINY TRAVELS,NON A/C Seater (2+1),24-Jul,21:30,03:45,06h 15m,494,21 Seats available,No rating
138,Gohpur to Guwahati,https://www.redbus.in/bus-tickets/gohpur-to-guwahati?fromCityId=92464&toCityId=74701&fromCityName=Gohpur&toCityName=Guwahati&busType=Any&onward=23-Jul-2024&routeId=21656695,BLUE HILL TRAVELS INDIA LIMITED,NON A/C Seater Semi Sleeper (2+1),24-Jul,20:15,03:45,07h 30m,INR 550,22 Seats available,4.0
139,Gohpur to Guwahati,https://www.redbus.in/bus-tickets/gohpur-to-guwahati?fromCityId=92464&toCityId=74701&fromCityName=Gohpur&toCityName=Guwahati&busType=Any&onward=23-Jul-2024&routeId=21656695,PARIJAT TRAVELS(UNDER ASTC),NON A/C Seater (2+1),24-Jul,23:11,06:30,07h 19m,INR 500,14 Seats available,3.2
140,Gohpur to Guwahati,https://www.redbus.in/bus-tickets/gohpur-to-guwahati?fromCityId=92464&toCityId=74701&fromCityName=Gohpur&toCityName=Guwahati&busType=Any&onward=23-Jul-2024&routeId=21656695,NORTH EAST TRAVELS(UNDER ASTC),NON A/C Seater (2+1),24-Jul,20:00,06:00,10h 00m,INR 500,26 Seats available,3.2
141,Gohpur to Guwahati,https://www.redbus.in/bus-tickets/gohpur-to-guwahati?fromCityId=92464&toCityId=74701&fromCityName=Gohpur&toCityName=Guwahati&busType=Any&onward=23-Jul-2024&routeId=21656695,Drishti Travels,NON A/C Seater (2+1),24-Jul,21:00,05:30,08h 30m,432,9 Seats available,2.9
142,Gohpur to Guwahati,https://www.redbus.in/bus-tickets/gohpur-to-guwahati?fromCityId=92464&toCityId=74701&fromCityName=Gohpur&toCityName=Guwahati&busType=Any&onward=23-Jul-2024&routeId=21656695,MAHARATHI TRANSPORT,NON A/C Semi Sleeper (2+1),24-Jul,22:00,05:00,07h 00m,400,10 Seats available,3.9
143,Gohpur to Guwahati,https://www.redbus.in/bus-tickets/gohpur-to-guwahati?fromCityId=92464&toCityId=74701&fromCityName=Gohpur&toCityName=Guwahati&busType=Any&onward=23-Jul-2024&routeId=21656695,Drishti Travels,NON A/C Seater (2+1),24-Jul,21:00,05:30,08h 30m,432,10 Seats available,2.7
144,Gohpur to Guwahati,https://www.redbus.in/bus-tickets/gohpur-to-guwahati?fromCityId=92464&toCityId=74701&fromCityName=Gohpur&toCityName=Guwahati&busType=Any&onward=23-Jul-2024&routeId=21656695,Island Travels (Under ASTC),Non AC Seater (2+1),24-Jul,22:30,06:00,07h 30m,450,7 Seats available,3.2
145,Gohpur to Guwahati,https://www.redbus.in/bus-tickets/gohpur-to-guwahati?fromCityId=92464&toCityId=74701&fromCityName=Gohpur&toCityName=Guwahati&busType=Any&onward=23-Jul-2024&routeId=21656695,Pranjit Travels (Under ASTC),NON A/C Seater (2+1),24-Jul,22:15,05:30,07h 15m,INR 570,25 Seats available,4.0
146,Gohpur to Guwahati,https://www.redbus.in/bus-tickets/gohpur-to-guwahati?fromCityId=92464&toCityId=74701&fromCityName=Gohpur&toCityName=Guwahati&busType=Any&onward=23-Jul-2024&routeId=21656695,Pranjit Travels (Under ASTC),NON A/C Seater (2+1),24-Jul,21:45,05:30,07h 45m,INR 570,21 Seats available,4.0
147,Gohpur to Guwahati,https://www.redbus.in/bus-tickets/gohpur-to-guwahati?fromCityId=92464&toCityId=74701&fromCityName=Gohpur&toCityName=Guwahati&busType=Any&onward=23-Jul-2024&routeId=21656695,Pranjit Travels (Under ASTC),A/C Seater / Sleeper (2+1),24-Jul,23:05,06:00,06h 55m,INR 620,9 Seats available,4.6
148,Gohpur to Guwahati,https://www.redbus.in/bus-tickets/gohpur-to-guwahati?fromCityId=92464&toCityId=74701&fromCityName=Gohpur&toCityName=Guwahati&busType=Any&onward=23-Jul-2024&routeId=21656695,GURUNANAK TRAVELS,NON A/C Seater (2+1),24-Jul,21:00,05:00,08h 00m,INR 500,19 Seats available,3.1
149,Tinsukia to Tezpur,https://www.redbus.in/bus-tickets/tinsukia-to-tezpur?fromCityId=78107&toCityId=90883&fromCityName=Tinsukia&toCityName=Tezpur&busType=Any&onward=23-Jul-2024,Aniruddha Travels,NON A/C Seater/ Sleeper (2+1),24-Jul,18:30,04:00,09h 30m,INR 550,12 Seats available,3.3
150,Tinsukia to Tezpur,https://www.redbus.in/bus-tickets/tinsukia-to-tezpur?fromCityId=78107&toCityId=90883&fromCityName=Tinsukia&toCityName=Tezpur&busType=Any&onward=23-Jul-2024,Puja Transport,NON AC Seater / Sleeper 2+1,24-Jul,18:30,05:00,10h 30m,INR 600,4 Seats available,3.6
151,Tinsukia to Tezpur,https://www.redbus.in/bus-tickets/tinsukia-to-tezpur?fromCityId=78107&toCityId=90883&fromCityName=Tinsukia&toCityName=Tezpur&busType=Any&onward=23-Jul-2024,SANJEEBANI TRAVELS,Non A/C Seater / Sleeper (2+1),24-Jul,16:40,03:00,10h 20m,INR 600,14 Seats available,No rating
152,Tinsukia to Tezpur,https://www.redbus.in/bus-tickets/tinsukia-to-tezpur?fromCityId=78107&toCityId=90883&fromCityName=Tinsukia&toCityName=Tezpur&busType=Any&onward=23-Jul-2024,PIHU TRANSPORT,Bharat Benz NON A/C Seater / Sleeper (2+1),24-Jul,18:00,04:30,10h 30m,INR 500,26 Seats available,2.0
153,Tinsukia to Tezpur,https://www.redbus.in/bus-tickets/tinsukia-to-tezpur?fromCityId=78107&toCityId=90883&fromCityName=Tinsukia&toCityName=Tezpur&busType=Any&onward=23-Jul-2024,J.S. Travels,Non AC Seater (2+1),24-Jul,17:30,04:00,10h 30m,INR 550,32 Seats available,3.1
154,Tinsukia to Tezpur,https://www.redbus.in/bus-tickets/tinsukia-to-tezpur?fromCityId=78107&toCityId=90883&fromCityName=Tinsukia&toCityName=Tezpur&busType=Any&onward=23-Jul-2024,Neha Travels,NON A/C Seater (2+2),24-Jul,15:00,03:15,12h 15m,INR 650,18 Seats available,1.9
155,Silchar to Guwahati,https://www.redbus.in/bus-tickets/silchar-to-guwahati?fromCityId=91002&toCityId=74701&fromCityName=Silchar&toCityName=Guwahati&busType=Any&onward=23-Jul-2024,Assam State Transport Corporation (ASTC) - 139638,NON A/C Seater Push Back (2+1),24-Jul,16:45,05:45,13h 00m,INR 547,23 Seats available,2.3
156,Silchar to Guwahati,https://www.redbus.in/bus-tickets/silchar-to-guwahati?fromCityId=91002&toCityId=74701&fromCityName=Silchar&toCityName=Guwahati&busType=Any&onward=23-Jul-2024,RAYAN TRAVELS,NON A/C Seater (2+1),24-Jul,18:30,06:00,11h 30m,550,25 Seats available,2.9
157,Silchar to Guwahati,https://www.redbus.in/bus-tickets/silchar-to-guwahati?fromCityId=91002&toCityId=74701&fromCityName=Silchar&toCityName=Guwahati&busType=Any&onward=23-Jul-2024,Jagannath Travels and Tours Pvt. Ltd.,NON A/C Seater Push Back (2+1),24-Jul,18:30,05:05,10h 35m,INR 650,32 Seats available,2.3
158,Silchar to Guwahati,https://www.redbus.in/bus-tickets/silchar-to-guwahati?fromCityId=91002&toCityId=74701&fromCityName=Silchar&toCityName=Guwahati&busType=Any&onward=23-Jul-2024,JAYSIKA,NON A/C Seater (2+1),24-Jul,16:30,04:30,12h 00m,INR 650,24 Seats available,2.5
159,Silchar to Guwahati,https://www.redbus.in/bus-tickets/silchar-to-guwahati?fromCityId=91002&toCityId=74701&fromCityName=Silchar&toCityName=Guwahati&busType=Any&onward=23-Jul-2024,SEEMA TRAVELS,A/C Seater (2+2),24-Jul,17:30,05:00,11h 30m,INR 750,33 Seats available,2.7
160,Bokakhat to Dibrugarh,https://www.redbus.in/bus-tickets/bokakhat-to-dibrugarh?fromCityId=80094&toCityId=79598&fromCityName=Bokakhat&toCityName=Dibrugarh&busType=Any&onward=23-Jul-2024,PIHU TRANSPORT,Bharat Benz NON A/C Seater / Sleeper (2+1),24-Jul,23:30,04:00,04h 30m,INR 500,50 Seats available,2.8
161,Tezpur to North Lakhimpur,https://www.redbus.in/bus-tickets/tezpur-to-north-lakhimpur?fromCityId=90883&toCityId=75845&fromCityName=Tezpur&toCityName=North%20Lakhimpur&busType=Any&onward=23-Jul-2024,Pranjit Travels (Under ASTC),NON A/C Seater (2+1),24-Jul,13:10,18:30,05h 20m,INR 500,2 Seats available,4.2
162,Tezpur to North Lakhimpur,https://www.redbus.in/bus-tickets/tezpur-to-north-lakhimpur?fromCityId=90883&toCityId=75845&fromCityName=Tezpur&toCityName=North%20Lakhimpur&busType=Any&onward=23-Jul-2024,Pranjit Travels (Under ASTC),A/C Seater (2+1),24-Jul,14:00,18:30,04h 30m,INR 600,8 Seats available,3.7
163,Tezpur to North Lakhimpur,https://www.redbus.in/bus-tickets/tezpur-to-north-lakhimpur?fromCityId=90883&toCityId=75845&fromCityName=Tezpur&toCityName=North%20Lakhimpur&busType=Any&onward=23-Jul-2024,DESTINY TRAVELS,NON A/C Seater (2+1),24-Jul,23:30,03:45,04h 15m,437,22 Seats available,No rating
164,Tezpur to Tinsukia,https://www.redbus.in/bus-tickets/tezpur-to-tinsukia?fromCityId=90883&toCityId=78107&fromCityName=Tezpur&toCityName=Tinsukia&busType=Any&onward=23-Jul-2024,Puja Transport,Non AC Seater (2+2),24-Jul,20:00,06:00,10h 00m,INR 550,18 Seats available,3.6
165,Tezpur to Tinsukia,https://www.redbus.in/bus-tickets/tezpur-to-tinsukia?fromCityId=90883&toCityId=78107&fromCityName=Tezpur&toCityName=Tinsukia&busType=Any&onward=23-Jul-2024,PIHU TRANSPORT,Bharat Benz NON A/C Seater / Sleeper (2+1),24-Jul,19:45,05:00,09h 15m,INR 500,26 Seats available,3.4
166,Tezpur to Tinsukia,https://www.redbus.in/bus-tickets/tezpur-to-tinsukia?fromCityId=90883&toCityId=78107&fromCityName=Tezpur&toCityName=Tinsukia&busType=Any&onward=23-Jul-2024,SANJEEBANI TRAVELS,Non A/C Seater / Sleeper (2+1),24-Jul,21:30,05:10,07h 40m,INR 600,15 Seats available,No rating
167,Tezpur to Tinsukia,https://www.redbus.in/bus-tickets/tezpur-to-tinsukia?fromCityId=90883&toCityId=78107&fromCityName=Tezpur&toCityName=Tinsukia&busType=Any&onward=23-Jul-2024,Puja Transport,NON AC Seater / Sleeper 2+1,24-Jul,20:00,05:30,09h 30m,INR 600,11 Seats available,2.3
168,Tezpur to Tinsukia,https://www.redbus.in/bus-tickets/tezpur-to-tinsukia?fromCityId=90883&toCityId=78107&fromCityName=Tezpur&toCityName=Tinsukia&busType=Any&onward=23-Jul-2024,J.S. Travels,Non AC Seater (2+1),24-Jul,21:00,06:30,09h 30m,INR 550,26 Seats available,2.0
169,Tezpur to Tinsukia,https://www.redbus.in/bus-tickets/tezpur-to-tinsukia?fromCityId=90883&toCityId=78107&fromCityName=Tezpur&toCityName=Tinsukia&busType=Any&onward=23-Jul-2024,Neha Travels,NON A/C Seater (2+2),24-Jul,22:40,08:00,09h 20m,INR 650,9 Seats available,1.4
170,Dibrugarh to Bokakhat,https://www.redbus.in/bus-tickets/dibrugarh-to-bokakhat?fromCityId=79598&toCityId=80094&fromCityName=Dibrugarh&toCityName=Bokakhat&busType=Any&onward=23-Jul-2024,Baikuntha Transport Service,Bharat Benz A/C Sleeper (2+1),24-Jul,19:30,01:00,05h 30m,540,50 Seats available,3.9
171,Dibrugarh to Bokakhat,https://www.redbus.in/bus-tickets/dibrugarh-to-bokakhat?fromCityId=79598&toCityId=80094&fromCityName=Dibrugarh&toCityName=Bokakhat&busType=Any&onward=23-Jul-2024,Purple Wings Coaches,A/C Seater / Sleeper (2+1),24-Jul,19:55,01:00,05h 05m,585,29 Seats available,3.4
172,Dibrugarh to Bokakhat,https://www.redbus.in/bus-tickets/dibrugarh-to-bokakhat?fromCityId=79598&toCityId=80094&fromCityName=Dibrugarh&toCityName=Bokakhat&busType=Any&onward=23-Jul-2024,Shree Ram Travels,Bharat Benz A/C Seater /Sleeper (2+1),24-Jul,20:45,01:40,04h 55m,530,15 Seats available,4.8
